Bonus Prizing,Game Name,Start Time,Platform,Reg Cost,Comments,Format-Name,Format,Reg Cap,Event,Platform-Name,Event Type,Img-Game Logo,Game,Social,Abbr-Game,Time String,Status,Blank,Registration,Setups Wanted Comment,Setups Wanted,Stream
0,Advanced V.G. 2,2026-01-29T06:00:00.000Z,recsjzSn9OyxGku3g,0,No need to put in time,Casuals,rec0nLSpuvxR11Z5G,0,AVG2 Casuals (MiSTer),MiSTer,Advanced Variable Geo 2,https://v5.airtableusercontent.com/v3/u/58/58/1791633600000/mle9D-UyF3zDU2S7yH9aAA/xJkpXTLHQmra77nRhen8JIDC5dlJ-79w5uoGsoO6YBfL2ojN0-L8JzYw-ycP6GXX-_rikHzYaZY3NtCWguxmX_tw2ihs64Ytg3CGzDUUnZRtCw2btrxLfw6lwR_4OAyHjYcP7AEmywSkK7bNphmuag/AwjOX4E2HCqlDifN39FleR7eN_V635tI74cTwoDWjy4,rec6ge4gvvvjXa3PE,https://x.com/ChronoSanaki,AVG2,Thursday 12:00 AM,Confirmed,1,,,,
,ASUKA 120% BURNING Fest. EXALLENT,2026-02-01T04:00:00.000Z,reca4TXVtlS8RjENn,0,Start time listed is for bracket; we are also running casuals on Thursday night at 10PM CST. Please include a line on the page encouraging people to attend casuals for controller troubleshooting.,Tournament,recliurl4Nrn9lxUC,16,ASUKAX Tourney (Arcade),Arcade,Asuka 120% EXALLENT,https://v5.airtableusercontent.com/v3/u/58/58/1791633600000/wF8VvEgHkUHfm_RMKA390g/3TmrQDKMYdSlafVMBePKFd6rEui0aMJlvcd8xW3bEkVGjYi1XV7lhJUaHU7pWCUmYwB9WL0Tq6O7If6i3_b6DewZlqRqVb5kxaKR5Yr18KUqAv6ko1HwSm0LMtt5lrRQwVEBTlYF-KOZHkJ0ga7FxS1IW40lf2hW_ec7tbRMym5Q9VqzoREL98D-_9OABk8BYk96WWe6lMA_aR-gjxk1LQ/nETpH8r6I9Z9-iY5oEjTw00nyyoa9aoRoadWpD6hkvk,recL9zQb6hzc4ThVR,https://bsky.app/profile/burntsienna.bsky.social,ASUKAX,Saturday 10:00 PM,Confirmed,1,https://www.start.gg/exallentff18,Please try to attend the casuals on Thu. as we will be doing a lot of our controller testing then!,,
Prize beys! TBD what those will be.,Beyblade X,2026-02-01T02:00:00.000Z,recdrZ5EkCI3Lqao2,0,,Tournament,recliurl4Nrn9lxUC,64,BBX Tourney (Beyblade),Beyblade,Beyblade X,https://v5.airtableusercontent.com/v3/u/58/58/1791633600000/eZW189xfYCO8DVTK3qXFHQ/n1rsNpwRmCUZZMUW6PDWJM-WMBLJK2PavQUXDJP5B8XcEfUiDLmGGgUZ3UMrZBxDLyQ1eGlQuBOHHBWASwrYq3aJFP9MRzZRh2AEGTa9xgAIOXRaQvQ3j7DkXOly2a4DjMiRf-Mam__inNG1Kc5tz6iPS5AE5wAF-3oXtScfk4k/DeOD7UvAk-UNsCAfFpnC-OgnWj-5tkJfbVh-y47tzik,recfuBmBYZEtQyr1O,https://x.com/TastySnackcakes,BBX,Saturday 8:00 PM,Canceled,1,https://www.start.gg/tournament/beyblade-x-frosty-faustings-xviii-after-hours/details,Please bring the competitive/Takara Tomy big stadiums.,True,
It will be there but exactly what is TBD,Comic Party Wars 2,,recUTDtHkKsAuW7Tu,0,"QOH2001 is on the same page, I already submitted the form for that but all the info is the same. Going to run them both close to each other time wise unless one somehow gets huge.",Tournament,recliurl4Nrn9lxUC,64,CPW2 Tourney (PC),PC,Comic Party Wars 2,https://v5.airtableusercontent.com/v3/u/58/58/1791633600000/EtzSS3Lgu5EhGR7u8u8lFA/Vun4ys0dk-Hu8S9w8LWj02hWciIkK6GCZbjmA6BFf_pWeym4TBLZ_aS8MvlXGlRD9MPFPJkMDp2bFHf2gX22M5JKGvcmceodBm8WlP25DkGBp8g1mnS--VhorCl8aTTkOcmLwBxUyjc279JC8X3wA1xcdkMVsqoLOuM_5mqDr1c/WVkC0rWfeC0LSLXGpQgGdVsTyKW7wbbzkgSVaS1eRlg,recy78f0YmyLd4N5v,https://bsky.app/profile/thorntheletter.bsky.social,CPW2,Time TBD,Confirmed,0,https://www.start.gg/tournament/comic-party-double-feature-frosty-faustings-xviii-after-hours,,True,https://twitch.tv/thorntheletter
"50 dollars initially, 100 dollars if we reach 25 entrants.",Crucis Fatal Fake,2026-01-31T03:00:00.000Z,recUTDtHkKsAuW7Tu,0,Thanks for letting me do this! Hopefully Crucis can become even slightly more known through this!,Tournament,recliurl4Nrn9lxUC,64,CFF Tourney (PC),PC,Crucis Fatal+Fake,https://v5.airtableusercontent.com/v3/u/58/58/1791633600000/xhyZddEuToNRpdh69-5kxA/PnrtWRrQhVdtsoWPF8Cv2J8ILWnQLgeUQxYM_8HhORPLiFVhqIptKwe48i2zwpSUoYn_mIv3PaTJTyw9JJoKrZsKLlb7_YSiHq4SivNPmfyLzV30ZBdclF7Q73qNZD7GMM5Jv7-wn9Z7eaHdl7MPlehDE8pRfQBxqwKe5dLyPqM/fxnFX54eadcve3_LWC0AW9Mw9FmynBxoy7b0akn2Rh0,recpcujngf9h4RIYO,https://discord.com/invite/pfqFqeY,CFF,Friday 9:00 PM,Canceled,1,https://www.start.gg/tournament/crucis-fatal-fake-frostys-xviii-after-hours,Crucis Fatal+Fake is an easy game to run! Bring a laptop or mini-PC and get the game from the discord if you'd like to help bring setups!,True,https://twitch.tv/Arisu_VT
,Daemon Bride,,recWhY5XqcZagROcT,0,,Tournament,recliurl4Nrn9lxUC,0,DB Tourney (PC-Steam),PC-Steam,Daemon Bride,https://v5.airtableusercontent.com/v3/u/58/58/1791633600000/dsYLL_xebCyoFFz1XFeGTA/5QfFIk1unStUlknv1_1AWWIJ8ugp5ffXPm88dd1kSqpGvcL4eC95uX2aAWtMcFLhFvjkMUVRTB7TB2VZGndojvnvot6SljMC57g_x_KmSdlhiNu-3O4MJOCO5_gbQrhznGvlSNWngG0LHey5CEWErQKFPEJhMopeGRXeNx9ZjgU/tfEF0OXn4BWg7CQNJYsMuZHC3ob-1EKulbdY5Yi8FmU,recqCRghGSSDcBI5L,https://bsky.app/profile/LegendaryBlueShirt.bsky.social,DB,Time TBD,Confirmed,0,https://www.start.gg/tournament/hell-freezes-over-daemon-bride-at-frosty-faustings-xviii/,,,
,Ehrgeiz,2026-01-31T05:00:00.000Z,recsjzSn9OyxGku3g,5,,Tournament,recliurl4Nrn9lxUC,16,EHRGEIZ Tourney (MiSTer),MiSTer,Ehrgeiz,https://v5.airtableusercontent.com/v3/u/58/58/1791633600000/UpTRx54G0A2vofWDmDC96g/Q1v9YI-MN1zN-Bdtc53bRC7uwoqxrGu08ob1719_nw0G5FoLAmAFhBuRZSLc91FkkSC4ZV08wLQPuulUNDYrUrYbty2EaX4Tyi2DQJ9joHKGkYCWTGUlmKe9xYkDoCcaa-kyCGE0WNn2kZka3EDGNAAYFr6SFqFbQcrxpdwMh0A/aqQ39RBc5XZPXR8jpUrT6U-zB1aVP2OyTUqhKK3TgHo,recKEZcNthUS1NZci,https://bsky.app/profile/polarbair.neocities.org,EHRGEIZ,Friday 11:00 PM,Confirmed,1,https://start.gg/ehrgeiz-ff26,MiSTer with Ehrgeiz,True,
,Fatal Fury: Special,2026-02-01T03:00:00.000Z,recsjzSn9OyxGku3g,5,,Tournament,recliurl4Nrn9lxUC,16,FFS Tourney (MiSTer),MiSTer,Fatal Fury Special,https://v5.airtableusercontent.com/v3/u/58/58/1791633600000/ISMfWlery3AYnWk-Y9mxAQ/oQRFNgowIoPZxayx_D2Zmg1dowuwKvw5kHnO6JY6XnOpVnaEiUDNcC_ZQ3OARlIsIbeiLUO3BpBGNN2Xhsqwe6hbzUWcfQKYucZhSqG-REZ4rn28tBP942NQ05IbplHlvm-iq9Tibn8Xn_JFvsJI-JbOpi3PkorYcqorxTs_cuY/sKUcK64TvODZVrPmgYHLfXKxPvDv_Qd1oBP8cztBPU4,recDIlhAqKh3E127S,https://bsky.app/profile/polarbair.neocities.org,FFS,Saturday 9:00 PM,Confirmed,1,https://www.start.gg/ffs-ff26,Bring MiSTer setups with Fatal Fury Special!,True,
,Fight of Animals,2026-02-01T02:00:00.000Z,recWhY5XqcZagROcT,0,,Tournament,recliurl4Nrn9lxUC,16,FOA Tourney (PC-Steam),PC-Steam,,https://v5.airtableusercontent.com/v3/u/58/58/1791633600000/l7ISZKWn368wZZisEW_-JQ/-md3wvhlsvJ31ls2Zha7QuFkGx28w0BhBDZX8vLauAb3mAdV-d0ga_Bp5exFWhsdGeHS7eaJT1sKx-DV2toBRa5OK8A8OTnoRbg9ycOCPAnHi6En95TRcIyXA8WAu4P9gXOKPEeP68T4ejMqshP9xw/inQXmEyhqk8UEGQRLFUS8Q_hlLoqMUmXAYZrB1fhows,rec8GyXZKiKDa2OPe,https://bsky.app/profile/shib.live,FOA,Saturday 8:00 PM,Confirmed,1,https://start.gg/foaff26,,,
$20 cash!,Fighting Vipers,2026-01-31T05:00:00.000Z,recinc6b9NNMARnpU,0,,Tournament,recliurl4Nrn9lxUC,12,FV Tourney (PS3),PS3,Fighting Vipers,https://v5.airtableusercontent.com/v3/u/58/58/1791633600000/uYVtzHsdxVEPr0ufwkZfng/jHG-ha6Z0rSExdK6LbLekMmDegorQkoy921YQKECbSqYAS7-hL_hoHF9bhEuYW5jlbfYSzUHoRoj3JVbGAo2UrogjhMBZjA8oA2zjKH_JWqrSPGHCXEMZp3Mjm3ZT-b8vbNKK1Let0QnUl2R0mQm1Bsiiy8eLvZBjNMGcAoApP8/gGeMYfTHLHeApThFUsc5pNMt68qD2TqguaIPbp2LMyE,recm4A9xfUXTFAPWa,https://bsky.app/profile/lodsaemone.bsky.social,FV,Friday 11:00 PM,Confirmed,1,https://www.start.gg/tournament/fighting-vipers-tourney-frosty-faustings-xviii-after-hours/details,"PS3 with Fighting Vipers installed, power cable and HDMI cord if possible",True,
,Higurashi Daybreak,2026-02-01T03:00:00.000Z,recUTDtHkKsAuW7Tu,,,Casuals,rec0nLSpuvxR11Z5G,,HDB Casuals (PC),PC,,https://v5.airtableusercontent.com/v3/u/58/58/1791633600000/nza6iIwLYkPsf1Elau-Tqg/aadVv0p9mmmFKvpnBOeqTC3KdLQs946R2o4nAWm-N1gNZZrhy7dDtazh0NFSQe93Qyq5JY4HuFLolQQOg3WdmZr-HdS4sShdwjnAkOJXj_hHgAJVAuSjcCKF75puAzCbMB5EKYseHhhMwnItP5r-k1ibJL4oF9C2JJHKMO4fxN4/67gdQoldao4AEoFH043lspWrKxnpKDH62MsnXwW4lV8,recCKxK2t19Tt4dvZ,https://bsky.app/profile/956.productions,HDB,Saturday 9:00 PM,Confirmed,1,,,,
Game code for first,Joltt - Battle Pillars,2026-02-01T01:00:00.000Z,recWhY5XqcZagROcT,0,,Tournament,recliurl4Nrn9lxUC,12,JBP Tourney (PC-Steam),PC-Steam,Joltt - Battle Pillars,https://v5.airtableusercontent.com/v3/u/58/58/1791633600000/aVJB_2YiCwNOQOnO6ttSSw/OY3pg9naA4TDtN4UhKYqAqc1Mb6LbIXQ6T5lCcsekC763OwIXvJL59WwwgZXSim6SlDQsSfvViTKjJ11Ith-qNOUBR4C7s39CIotRLCLDOwkb8rjAUz2h5PQlTkuxXJIgeGklPRtfqRKoo_heB5YgtP4tqT105PnpgPCpiAqWxY/An6HLj4h0uQpHesye2SUIUueVB4FbfrTiMp8rr9kbj4,recXOffh6XSVn30tJ,https://x.com/@Tac_Bac,JBP,Saturday 7:00 PM,Confirmed,1,https://challonge.com/joltt,Willing to increase entry cap with additional setups.,True,
,Kizuna Encounter,2026-01-31T02:00:00.000Z,recWhY5XqcZagROcT,0,,Mixed,recoQmCmwGeaGSjH9,16,KE Mixed (PC-Steam),PC-Steam,,https://v5.airtableusercontent.com/v3/u/58/58/1791633600000/whu-mAKYJqfks1LAhoVWWA/yke7vCAt-HRfhKmkDU7tJBS6oKhoIgHb50uld3cBnKKn0TAAQLMYnOQXwuKidE1ljP53IazkJIXLMiiGTNCW4mZYa8JAWAcwZTsbNSRwwNTx1fT-JVyErHoRUi9YQVwFdID8Cg9q4w_uoSUNMsY64g/9VEMC5DegvuRvbTi4V1KY9cf7WSPhhnpPcUvwnNup48,recEcV3piZrPAhsON,https://bsky.app/profile/shib.live,KE,Friday 8:00 PM,Confirmed,1,https://start.gg/kizunaff26,,,
,Lumines Arise,2026-01-30T04:00:00.000Z,recUTDtHkKsAuW7Tu,5,Time/Date subject to change,Tournament,recliurl4Nrn9lxUC,32,LUA Tourney (PC),PC,Lumines Arise,https://v5.airtableusercontent.com/v3/u/58/58/1791633600000/3G9oYnXatBenUFb6bcIkxA/HNMrqagGQRPD31JCV54uqcXokkYSbAoMaIdX1Cj0ahrw2Ifshk907X1vGWXeM0U_wPnioWZsenYl3t5pvevAKl0g2xVgoZAa9zisqlK-jUyfO1r5gGzv_LueU2ZUCrMppFWwTH4Pl-74MiwD9FEYzceUhIvsN_0YvAsLzEd_Fks/COL3qufSoXsHAEN1cr_lQoGYhIGS9zNAYkKoHC35aq8,recJpSub9rwvp3HDf,https://bsky.app/profile/itsjustchrisnow.bsky.social,LUA,Thursday 10:00 PM,Confirmed,1,https://challonge.com/FrostysLumines,,,
,Mega Knockdown,2026-01-31T20:30:00.000Z,recWhY5XqcZagROcT,0,,Tournament,recliurl4Nrn9lxUC,12,MKD Tourney (PC-Steam),PC-Steam,Mega Knockdown,https://v5.airtableusercontent.com/v3/u/58/58/1791633600000/bizQ--efxbWxobZpeTUEDg/EY_xrERNo8akOVaXIqUSmAeUWcyIT1WuDe9vsvA-E39w6A5PCAIxIYtqR__4BsIEdCgwiOck6KWRObkbLrcGeNUcJgmXM2Ck2FQzrcK06HkZXCxVLLmdCtyW0oGuGc4KkzKo1caggOrQkibWuZT_oXt98FOJcXvmqXBA4Yi_h34/ks-2gzUwnwY1PQJZyhmtXuu5B2IqEgp4uwny9bTrvqk,recJKrxCBk7OVDLVA,https://x.com/@Tac_Bac,MKD,Saturday 2:30 PM,Confirmed,1,https://challonge.com/hflx1t1q,,True,
,NeoGeo Battle Colosseum,2026-01-31T04:00:00.000Z,recVxvEZbXd62y97i,0,,Tournament,recliurl4Nrn9lxUC,32,NGBC Tourney (PC-Flycast),PC-Flycast,NeoGeo Battle Coliseum,https://v5.airtableusercontent.com/v3/u/58/58/1791633600000/LHD78EAO_KWt-vQEpB2MKw/Gyogq0xx4sMj4dFkchCPk2NDYP_S4cHiBbj9XOZh8arc05zp4UZ1Vp8A8un6R7Uzc5IcQV-osKyUCQrfaVe3EfSdTUOP_2loXnlRP6ek_RcKXQj6AYh1q-6507pDd6vWqFMpJws7QExknvg-dGa0oD-25dG4WISn1q6lkcgKissJYL42m2cPFW5q5Kre0HQl/8XgCI8tzGK6dOs-UH0_yuh7yo6HWJcGzyS5tQ1ZYwaw,rechnyhIB18jskEZZ,https://bsky.app/profile/dpst.bsky.social,NGBC,Friday 10:00 PM,Confirmed,1,https://start.gg/NGBCff26,Extra setups are always welcome.,True,
,Project+,,recxp6kyi33ZJHTtV,5,"This can be slotted wherever it fits on the after hours schedule. Ideally I would like to stream it on Ugsgaming after our vortex gallery blocks are done for a day, similar to how we have streamed after hours Undernight exhibitions in the past.",Tournament,recliurl4Nrn9lxUC,64,PPLUS Tourney (Wii),Wii,Project+,https://v5.airtableusercontent.com/v3/u/58/58/1791633600000/3fyoEFkDPATQx0NwxuM1TA/kFEMXiIWToCyPDP93IT9sb85miSJUmtCmC85ubxSKQCAD-KxUiPXk59w3upZarsLj4I1GjHGd_eLwHFhHBT9h6INpAuWg0obuNjtdDNaYSAfb0dF40S8-AjQdQUZJibUopa9UtLyxV1Zqq6UlKnMtA/-TAarwIqGtSZF3SpMolTZmWf6HJJ9JUvsTOqDm6aqBw,rec9dwRdXUEIMRtL6,https://x.com/AJ34_SSB,PPLUS,Time TBD,Canceled,0,https://www.start.gg/tournament/project-ffxviii/details,,,https://twitch.tv/ugsgaming
Pot bonus will be at least $100,Puyo Puyo Tetris 2,,rec3Uw2xf16QEExlL,0,"The event will not be streamed, but matches may be recorded and uploaded at a later date.
Communication via discord may be done in the Puyo Puyo Tetris 2 channel in the Frosty Faustings server, so keep an eye out for information regarding schedule the week prior.",PPT-Mixed Versus,rechDxK85TOBKuzO7,48,PPT2 PPT-Mixed (Switch),Switch,Puyo Puyo Tetris 2,https://v5.airtableusercontent.com/v3/u/58/58/1791633600000/V0RX5zo7EYnTGHzD35ONlA/4TPOwrZ9huE60O4EpFH440WISO6QEeYYGVTXFKQoJ3czt5yM0y98qRcNHkfcSx8RZ5H2cZKnF0inr3MXK_SZrExXYr4KfzNrmMyrDqWh5OqqHNUSaJmjnfZq8GTVGWvuHHo88TMdyB9O0R6eNjRU3w/tpXWuPTr_Oi2iwGKTo-if_SJ9UEOFPMlTesmll5ZUgM,recdPF1bPtw4T1PSq,https://x.com/thedavotigger,PPT2,Time TBD,Confirmed,0,https://www.start.gg/tournament/ppt2-mixed-vs-afterhours-at-ff-xviii/details,Setups can be either Nintendo Switch 1 or Nintendo Switch 2.,True,
,Samurai Shodown 3,2026-01-30T04:00:00.000Z,recsjzSn9OyxGku3g,,,Casuals,rec0nLSpuvxR11Z5G,,SS3 Casuals (MiSTer),MiSTer,Samurai Shodown 3,https://v5.airtableusercontent.com/v3/u/58/58/1791633600000/14bWBKbyHlujYKWk4BxdOA/Z1FQbx3t_dUbJ76SQE4_aKibB1ODFc9nwJWZdwKYJ-WB5sa5870t10E-_N2mUU9RDXEHSab8mofx8eSc8NRob-IgrcUbihL1DbuY-qfKSkMt4HasD4OYxdw3Giw45h6GRjr9KY7rVc2pvKomui9g5Q/5LBPxVm5sWNRqDaaxDr5g-Ba51O4OvwhdEUgePnIr3o,recncXBy3TgdrA8L7,https://bsky.app/profile/polarbair.bsky.social,SS3,Thursday 10:00 PM,Confirmed,1,,,,
,Shadow Prisoner,,recWhY5XqcZagROcT,0,,Tournament,recliurl4Nrn9lxUC,16,SP Tourney (PC-Steam),PC-Steam,Shadow Prisoner,https://v5.airtableusercontent.com/v3/u/58/58/1791633600000/YssyvMiYaslRX3jN4YYx3Q/LMmlEwb4DU0wDInVmKdnHuzwXspltd_GSELhg5diT3GWUTXknsF0xZnC_OMPUMg6-paDrUYtFH59G2CnnaOpzvyTC3P2XR6fWI08eKa5zIwA9kmkR6guEW3IrhFm8NQWiWR13ps505WQ_nvjFwVkB3wzOqMSmINPNOBTaJ4pjRo/6bKVO3tKplL0ihCfX3wnWGT3C3nuDJDKjf__u5N8p34,recYRHpVKQ3t44wBC,https://bsky.app/profile/crimefighter.bsky.social,SP,Time TBD,Confirmed,0,https://www.start.gg/tournament/shadow-prisoner-frosty-faustings-xviii-after-hours/details,If you have a laptop or PC that can run shadow prisoner properly feel free to bring it,True,
,Smash Remix,2026-02-01T07:00:00.000Z,recsjzSn9OyxGku3g,0,"N64 controllers and SNAC adapters will be provided, 4 for Doubles",Casuals,rec0nLSpuvxR11Z5G,0,SRMX Casuals (MiSTer),MiSTer,Smash Remix,https://v5.airtableusercontent.com/v3/u/58/58/1791633600000/sSuztGq038F331-VuPPUpg/ndNA_Lhpbas-7l44zIgcYHrqmTURrHFEaZ2ZhVqe7sHwaxebR9lil5XLs4EiVs53xMxpy5-dakfUIfWAYGwoDiCga8jkAagodHVFf8tEd6TthNSIAouqSckEz9lJZEMcO0IwP7PLkh4gc2Yo6n7-1lOPVDBFIAm0CYDfhsldDFY/NMDaXbcxfwzQwwrpfJ8waz0Sl2cW-GmDzdwDIK1-7uw,recRFE25dMTq6TMj1,https://bsky.app/profile/polarbair.neocities.org,SRMX,Sunday 1:00 AM,Confirmed,1,,,,
Winner gets a Classic Tails Plush,Sonic Scramble,2026-01-31T02:00:00.000Z,recUTDtHkKsAuW7Tu,0,"Other TO social is https://x.com/Hyper_Crasher
Try the demo out here!
https://sonicfangameshq.com/forums/showcase/sonic-scramble-sage-2025-demo.2820/",Tournament,recliurl4Nrn9lxUC,32,SSCRAM Tourney (PC),PC,Sonic Scramble,https://v5.airtableusercontent.com/v3/u/58/58/1791633600000/6vnqBcSCI0ar6cvJmYfYPg/4TdwFZI2wkwlQWKllmUMdJ1iZqURmH4IIg_Lmh37xb5Qflq3zk3BcY_TJz4H5vb3zhUZVFopRf5WSyNzIm4raJmjSFvpEKU52-bO1_yEHn8R9dHrCoQmhqkXokw0Kt05FL0cJ1DQwNmlQ2NIg-l24rjXvsvG2sFPjnzZUJ-WzL4/MHPnLoNjZoA4Fmd5SVAasVk-6u9AMU7FI-ZYsFdI35E,recZ0Rp2Wvg0OlXNe,https://x.com/Kafonn_,SSCRAM,Friday 8:00 PM,Confirmed,1,https://www.start.gg/tournament/sonic-scramble-frosty-faustings-xviii-after-hours/details,,True,
,Street Fighter V,2026-02-01T02:00:00.000Z,recV6irNLkHsWnj0B,0,Very excited for the event!,Tournament,recliurl4Nrn9lxUC,32,SFV Tourney (PS4),PS4,Street Fighter V,https://v5.airtableusercontent.com/v3/u/58/58/1791633600000/QaqZqDiQKRTthsep3wWxaQ/HCwioibkP8h9B3svyaalm-2Fdm6g7QCQCWIwGYqZmFUa0aA8L91P8XI7Cwi15hFah7ZfCE313WZWdnrqnUZnPPLz577don2_iHA1HDtmBZ_2w5rsVHmA-BL6lPCWJtsHO1-9EHiRp3gOex9XEuU8p9B3mY9N_0fbbx5ZaUCZve4/2jVqaTd_9IWmU56GAAPYfkEkNOtlUIUqmiszUVncesQ,recz0WXBShqm3oivb,https://x.com/TommyToledoFGC,SFV,Saturday 8:00 PM,Confirmed,1,https://start.gg/sfvff26,,,
,Suiko Enbu Fuunsaiki,2026-02-01T23:00:00.000Z,recsjzSn9OyxGku3g,0,,Tournament,recliurl4Nrn9lxUC,16,SEF Tourney (MiSTer),MiSTer,Suiko Enbu: Fuunsaiki,https://v5.airtableusercontent.com/v3/u/58/58/1791633600000/o-VGxdenBDLH-zsKIuxmcQ/_13MTqIti9ewMhoIT2MhEEuQWUVw0SPEuIBtNIl8wOBAY8RmmU80GJERMX_shXdHYwVOqzL1rTlxfQkQpc1PVXtSqSPnEFe5ETDXInXWMLPdR-P3hDZU1lnNbdrVJyMPp9b1wjF8wuuORLoLoGfOWvxIMeJHjmw5NkZ1p1Nz_4g/1CMrWQG8MflNZntRprAKg8mjVdhCxUYflwahfG4HJbE,recMevpDlcyDyjzPn,https://bsky.app/profile/polarbair.neocities.org,SEF,Sunday 5:00 PM,Confirmed,1,https://www.start.gg/suikoenbu-ff26,Bring a MiSTer with Suiko Enbu: Fuunsaiki!,True,
,Tekken 5: Dark Resurrection,2026-02-01T03:00:00.000Z,recUTDtHkKsAuW7Tu,0,Set up challonge in case there's interest (and enough setups) for a small round robin tournament. ,Casuals,rec0nLSpuvxR11Z5G,16,T5DR Casuals (PC),PC,Tekken 5: Dark Resurrection,https://v5.airtableusercontent.com/v3/u/58/58/1791633600000/VJHxHBqsLX9dPw6VAom0rg/bQKWAEKaDXNUHjDvKcL7ALrIK2nOAW2bKXrEeSvvO97Rp3c33Vok01oDFJt8sB3eKKJYFxnbT4gPIykwW5Qe5N3vAeD3M8frHxsu3pIw2Xvm8TWgcvCx0xDM4Up2rWvQwFkC05AILcouF_RmOgNtEzJb54t7nib--1aiO2-dpTo/v_Bgh8a_ttV2uWk_TBxP4232EymuRHiVIP17fnJU9Io,recdb387exHEtAfR9,https://bsky.app/profile/badatfightinggames.bsky.social,T5DR,Saturday 9:00 PM,Confirmed,1,https://challonge.com/t5drafaffxviii,If you have a laptop that can run the RPCS3 emulator with Tekken 5: DR on it then feel free to bring it.,True,
,Tekken Tag Tournament,2026-02-01T02:00:00.000Z,reca4TXVtlS8RjENn,0,USB controllers supported!,Tournament,recliurl4Nrn9lxUC,0,TTT Tourney (Arcade),Arcade,Tekken Tag Tournament,https://v5.airtableusercontent.com/v3/u/58/58/1791633600000/KxdDsdopYP1tV7i89sEK2g/OFlVmEQGvEuUxRQF91NVe3Sss5lcJvnTrtF1nGXh4763q-mOxlN2ZMd0Z_VPFo_9FpZR_YJ4lDrCQQI_UWel8jreFnPz06mjvAominaXYXzUzS8f4df-IBSk2bf1zaKNPzGhpLcs3RlhS6FzXeXyM0a7guM5OnnSeoGWKy3Rn5c/1o67tT083cH_dygcRXUr6tuV0EK5DWp9t3Vhy6anyL0,recpHABbQEUeeimMb,https://x.com/tbender95,TTT,Saturday 8:00 PM,Confirmed,1,https://challonge.com/8gqq6rxl,,,
,The King of Fighters XI,,recwkWKMNrkMvzVF5,0,"Saturday, 2-1-26. Start time TBD pending schedules, but considering 8pm",Casuals,rec0nLSpuvxR11Z5G,101,KOFXI Casuals (PS2),PS2,King of Fighters XI,https://v5.airtableusercontent.com/v3/u/58/58/1791633600000/feM8d7XPxaZ-jQhldEJSMA/LyZ5PdFOmHIvCFNgdBDC5pdNfW3mHHFYvSswOXfPd4WPgT80lQCAjSjTxMy0JPqpC-gRtaAD_9qN04bJzuR7WS2lOGPp71KMKAxSiQIezFZpEP5P5miND6-MvCXCL1am-keQILL0hq144oNSL-oyV8LoNz0GeoBWQEuGS9_2PKO4ahvoHQfyS4_UO2xGOKfT/DP3_UdiUHoWWct9KJDUe0flmcZOIFXaQzca0h1Ol51k,recsTJutQxSBETMYz,https://x.com/omega_blackFGC,KOFXI,Time TBD,Confirmed,0,,,True,
Yes but still working on exactly what,The Queen of Heart 2001: Party's Breaker,,recUTDtHkKsAuW7Tu,0,"CPW2 is on the same start.gg, I will submit the form again but all the info is the same. Going to run them both very close time-wise unless one somehow gets huge.",Tournament,recliurl4Nrn9lxUC,64,QOHPB Tourney (PC),PC,Party's Breaker: The Queen of Heart 2001,https://v5.airtableusercontent.com/v3/u/58/58/1791633600000/6KMynxUDN7yrniz7xakr4g/lfiNmngS0E9RUXQ_jU481KdWGm_b9w3X19gH_YQR9AZsO6RPCgRNIUvPksINUjIHruCoDYhy_Kx2426tFAxfl2Uv47iseehqAgjrKL4YbM9P2tyW-GSfANwrT64B7wN1Tu_fh_TEg0ryI4p3ymTIpvBJLiXezmnDCJPAFyWMCjM/FEnRWGPgfs3vSQeSBZZFrXq8s6yHC6oknUvem8ScVl4,rec8wuskzsE8KPl7C,https://bsky.app/profile/thorntheletter.bsky.social,QOHPB,Time TBD,Confirmed,0,https://www.start.gg/tournament/comic-party-double-feature-frosty-faustings-xviii-after-hours,,,https://twitch.tv/thorntheletter
,Ultimate Marvel vs. Capcom 3,2026-01-31T14:00:00.000Z,recUTDtHkKsAuW7Tu,0,,Casuals,rec0nLSpuvxR11Z5G,14,UMVC3 Casuals (PC),PC,Ultimate Marvel 3 Community Edition Meet and Greet,https://v5.airtableusercontent.com/v3/u/58/58/1791633600000/sJf5W4VVQvVGUfUeMn5EiQ/SpGg15W7McaiILGzZj5hYRHjpJV5_QRUW69W_JDBodE-uwp9YBSaHUhfw1Xivbc6uhMKQO61FfNbRdHaw1KgIdALvLKGU_m_RShsrjxFtEeijIoPi4wbU_zGs3n174Eh9N0VJ0K-zTnTD_NF3UQYaJrY1fIFGXGP4dmjYLi9PoQ/vlDtJiQcx7_eszP8W5mmjO5iHOPr9pz4zVYsnzlVcrc,recEzcRp7X1g8Gw82,https://bsky.app/profile/wizardtim.bsky.social,UMVC3,Saturday 8:00 AM,Confirmed,1,https://forms.gle/2eq8MnzqXWRrVBSs8,"UMVC3 COMMUNITY EDITION MEET N GREET. Stop by our location—players of all skill levels welcome. Community veterans will be there. Depending on timing and circumstances, there may be in-depth looks at new and existing content for the playable gallery. Come through, play a few matches, and meet the crew.",True,
Plushie & Artbook,Umamusume: Pretty Derby,2026-01-31T01:30:00.000Z,recDpsr2o8Jade1XQ,0,Registration is through discord,Tournament,recliurl4Nrn9lxUC,81,UMPD Tourney (Cross-Platform),Cross-Platform,Umamusume: Pretty Derby,https://v5.airtableusercontent.com/v3/u/58/58/1791633600000/63uKbOXmD5QLXKnLDWaDHw/q3GDKw84JVjJltZFBedAtxzf2Nrp7RlFNEdfJeJXM-W1zIiOilzrTguuZNW8pDQsP1E1PrZQH6JsQGL1XB43bLCCQaie3AwlaK3YaIOyhBODSZNIy6-B7iQh0sGbTXdlwXdQ9YoHY0G3qiABr4JSzjGGxXK-s00GSyg-juDI9K8/f6rUqfq9yIb1flwD_Gk6JCBJ3XzPkUo_5EEs7n7NJJs,reczbkKe8OqT9noFS,https://discord.gg/CWEgfQBRSK,UMPD,Friday 7:30 PM,Confirmed,1,https://discord.gg/CWEgfQBRSK,,,https://twitch.tv/bestieinslot
,Yu Yu Hakusho: Makyo Toitsusen,2026-02-02T00:00:00.000Z,recsjzSn9OyxGku3g,0,16 cap = 16 teams,2v2,recCxOcPgZGUnratz,16,YYH 2v2 (MiSTer),MiSTer,Yu Yu Hakusho: Makyo Toitsusen,https://v5.airtableusercontent.com/v3/u/58/58/1791633600000/faoNxL8GRnDYD2LPL6FCwQ/edrCXEZbTfjaNLwFCmT4KV6FWoNfVxmqivyaM9QTYD-9GZN0a4vcpuoY8Gfad07rRAcEv4Fw-AbFeQgst77AShCg1Nn5Gex0efzZPfcll8-9KLsTZeLl5c8yWrp5UY3FOvYz7uMnELj85uZGfXCh0-yY9LHUQaMJiB9RCD3hL5_ZSzcSDCxxDTKKcW41FWsi/JptVrGWQJyKpvAP0pUzPD_wEH-4EZArY_EQ3fhwXVgM,recA8i8MZ0S0RBUyV,https://bsky.app/profile/burntsienna.bsky.social,YYH,Sunday 6:00 PM,Confirmed,1,https://www.start.gg/tournament/ffxviii-after-hours-yu-yu-hakusho-makyo-toitsusen-2v2/details,"More setups are likely not necessary, but are appreciated!",True,
