$-Top 8 Info Collected,Stream-Pools URL,SmashGG Name (from Staff-Lead TOs),Time-Start Pools (Short),Staff-Lead TO Discord ID,Smash BR URL,Tournament copy,📺 Finals Stream,📺 Pools Stream,TopInfinity URL,Start Day,Setups-%,Twitter-Lead TO,Info-Comments,$-Total Pot,Start Day Finals,Date Added,🌐 Info,Rollup-Format,Game Name,Setups-Total Needed,Staff-Lead TOs,Staff-Lead TO Match ID,$-Pot Paid Out,Data-Schedule,$-Unreg Bonuses,Info-% of Cap,Pools-Rounds per Game,Img-Game Logo,📋 Brackets,$-Winners Info Collected #,Setups-Secured,# Done,Logo gDrive (from Game),SmashID (from Game),Time-Start Finals (Website),Record ID,Tournament,# of Commentators,Rules-Chara Change,$-Winners Info Confirmed #,$-Winners Info,Time-Run Time #,$-# of Payouts,Time-Alternate Days,Data-Platform Short Name,Status,Info-Cap,Data-Game Record ID,Rules-Notes,Dropdown Name,Game,Rollup-Lead TOs,Time-Est. Run Time,Time-Run Time,Time-Desired Time,Staff-Bracket Runners,💰 Matcherino,Date Modified,Stream Stats (Admin),Data-Top 8s,Menu Name,Data-Platform,Wave Rollup (from Phases),Info-Software Needed,Pools-Bracket Type,Stream-Finals URL,Stream-Pools,Time-Start Finals (Short),SmashGG ID (from Staff-Lead TOs),Info-Entry Fee,Time-Start Pools (Website),Data-URLs,Tournaments (Encoded),# of Players on Team,Smash ID,$-Prizes,Lineup,Format,Rollup-Streamers,Rollup-Support,Staff-Support,Finals-Games per Set,Pools-Games per Set,Staff-Lead TO Smash ID,Short Name,Abbr-Game,Data-Attendees Admin,$-Pot Split,$-Subtotal Pot,$-Match Paid Out,Time-Desired Day,Rollup-BRs,Start Time,Discord Role,$-Pot Split Further,Staff-Comms Pronouns,Rules-Game Settings,$-Pot Bonus Info,Staff-Commentators,$-Pot Bonus Amount,Rollup-Commentators,Staff-Commentators (Twitter),Time-Unable Days,Rules-Glitches
0,,Chrono Sanaki,None,chronosanaki,https://www.start.gg/admin/tournament/vortex-gallery-at-frosty-faustings-xix-2027/brackets/,Arcana Heart 3 LOVEMAX SIXSTARS!!!!!! XTEND Tourney (Steam),,,https://topinfinity.org/?game=47488&event=&theme=vgffxviii&teams=0,TBD,1.125,@ChronoSanaki,Commentary will be decided after the first wave of announcements for side brackets goes out,0,TBD,2026-09-16T07:40:52.000Z,https://vortexgallery.moe/info#AH3X,Tourney,Arcana Heart 3 LOVEMAX SIXSTARS!!!!!! XTEND,8,rec3ayhsHcTVmWF4C,Chrono_Sanaki#1028004,0,"recQRdVgdxzQzU0yc, recyTWfhEpCyhRbv6",0,0%,2/3,https://v5.airtableusercontent.com/v3/u/58/58/1790928000000/MCsFYYBDAdh5N-pE5sZC9Q/xBdfAjuQkZdSe7iy4mv66hk6LNExUo_hen9JyTNpZLY8FGP9fkLjl0w1QdDu29lok-KazORtv4iuhL5fw1cEUmoCnJUxgLjQe68sLQw9ZHRACn9VDWSpovKAmyHIh8kLjg035bIh6_mHpDHil9CFlKS2POf-hk2MY1xitvTbzxw/aNjDGFv1Yo-yIHNNCmpZhmCM_MCFgizjxRpzuK_vg1g,,0,9,0,https://drive.google.com/uc?id=1Qum7Mbe5i-U3m2kevtB9-2STZFmpZ6a1,47488,None,recM82YDvQ0vaj57t,AH3X (Steam),0,Winner must keep character. Loser may switch.,0,0,None,6,Fri 1/30,Steam,Confirmed,64,recPkjeM9Hyj5hRGn,"Winner may switch arcana after a match ends as well as the loser

Winner must switch arcana first before the loser",Arcana Heart 3 Tourney (Steam),recfyAg5ovnjNXPdH,Chrono Sanaki,4 Hours,NaN Hours,6 PM,"recHofxTM5uPJsvou, rec3ayhsHcTVmWF4C",,2026-09-24T05:32:04.000Z,reccmcPjJ08nz7X2g,"recolGFA3JOKxtkcm, recGBJ1tqGz2R7p18, rectHv4fgyZcK2n7E, rec3vb1XVYGTmUIG5, recPaDAAPCSu7vAyU, recaVlhEzn7n5VxPQ, recjK5lnnJTUKxMHv, recSKg3hvezgPy0lL",Arcana Heart 3,recWhY5XqcZagROcT,0,(to be added depending on when the improvement mod eventually adds quick rematch),Double Elimination,,,None,f5477784,5,None,rectjfWah9a2oiTuL,AH3X%20%28Steam%29,2,,Some Arcana Heart related merchandise (specifics to be added),1st Lineup,recliurl4Nrn9lxUC,,"LegendaryBlueShirt,Chrono Sanaki","recVxNmaF6VqdEPdb, rec3ayhsHcTVmWF4C","3/5 Games for Losers Finals, 3/5 Games for Winners Finals, 3/5 Games for Grand Finals",2/3,f5477784,Arcana Heart 3 LMSSX,AH3X,"https://www.start.gg/admin/tournament/vortex-gallery-at-frosty-faustings-xix-2027/attendees?page=1&filter=%7B""eventIds""%3A%5B%5D%7D",70/20/10,0,0,Sat 1/31,"Akuadynasty,Chrono Sanaki",None,,,,,,,,,,,
0,,Narr,None,trainerhilda,https://www.start.gg/admin/tournament/vortex-gallery-at-frosty-faustings-xix-2027/brackets/,Asuka 120% LimitOver Burning Fest. Tourney (MiSTer),,,https://topinfinity.org/?game=39241&event=&theme=vgffxviii&teams=0,TBD,1,@burntsienna.butchsky.social,,0,TBD,2026-09-16T07:41:55.000Z,https://vortexgallery.moe/info#ASUKA,Tourney,Asuka 120% LimitOver Burning Fest.,4,recASUByC2x7zWlbl,Narr#916597,0,"recSgpyw5ARMpfpSm, recQ8bmS672WxbDfK",0,0%,2/3,https://v5.airtableusercontent.com/v3/u/58/58/1790928000000/FCASi8BkGIY08MNyKtmhVA/FcPeF-8eUukJB2W-y1B95XEguWVY_JNQdmpH4FzPkwY6bH9-c86X0gYp0m-KR3GOuyw_FcppCHcmV9k2fPyi9rcA2dnGJgH2wuwGkUJBoQViELOpNWj0eeWZmQ0CoWoYzbb-8onyksUEEPy7h3NlM4o3CetqcE293lp3F6mvz5k/bpRNfCMGY4GkkB1_8eNg_HyYfplf0u5bAhqefouBrYM,,0,4,0,https://drive.google.com/uc?id=1_z5CaLFt308gk4vceWsr34srFXXBnCvs,39241,None,recXqziSrqPfjVT2B,ASUKA (MiSTer),0,Winner must keep character. Loser may switch.,0,0,None,6,"Fri 1/30, Sat 1/31, Sun 2/1",MiSTer,Confirmed,32,recgQGPoCQ9F5qCLA,,Asuka 120 Tourney (MiSTer),recvZAlWTIeRqmKVz,Narr,2 Hours,NaN Hours,12 PM,,,2026-09-24T05:32:02.000Z,recIktzGnhEiBjspq,"recjndUnMVoDdUvcc, recJRMN4g7QajSiPT, recDg7LH6PnQSMvWq, recmuDP3yGZmZgw6E, recfJJ1HXvvykp3IM, recVHFqV8nXIUoftn, rec8vOlt17wmFQuwc, recjI2HCGQ2oaFtuE",Asuka 120,recsjzSn9OyxGku3g,0,,Double Elimination,,,None,14ede121,5,None,recuSnafjdEdMHXJv,ASUKA%20%28MiSTer%29,2,,,1st Lineup,recliurl4Nrn9lxUC,,,,"3/5 Games for Losers Finals, 3/5 Games for Winners Finals, 3/5 Games for Grand Finals",2/3,14ede121,Asuka 120,ASUKA,"https://www.start.gg/admin/tournament/vortex-gallery-at-frosty-faustings-xix-2027/attendees?page=1&filter=%7B""eventIds""%3A%5B%5D%7D",60/30/10,0,0,Sun 2/1,,None,Asuka 120%,,,,,,,,,,
0,,GTek,None,gtekfgc,https://www.start.gg/admin/tournament/vortex-gallery-at-frosty-faustings-xix-2027/brackets/,Blazblue Cross Tag Battle Tourney (PS4),,,https://topinfinity.org/?game=1144&event=&theme=vgffxviii&teams=0,TBD,0,@gtekfgc,,0,TBD,2026-09-16T07:41:50.000Z,https://vortexgallery.moe/info#BBTAG,Tourney,Blazblue Cross Tag Battle,6,recD7i2NAVdmyKIDT,,0,"rec3U9IxZfzImb8Mc, rec3Pd2kMbm2g6VOJ",0,0%,N/A,https://v5.airtableusercontent.com/v3/u/58/58/1790928000000/5hOTOydCEI4C2kDCpkSEIA/pxgn54ar3vTnLuu0PLd9UYvlddSRCt9P0iO4gCAUNp4aRY1HT9XReDVvpFlB32C8a38e77By9GLccUc1lmuezG5VC17Oh9qxHjc42tsFX2U6tJ8zcFP1Fb18fyJHBWW79pfNUTkwsNKhiTZN_nECuolG6CuCKgo9QQjFmkh0J_I/WWg541Bd5aSZI7m5lqRRSTNYiQlCNEQ36XonfgUYvAA,,0,,0,https://drive.google.com/uc?id=1jwyl1tmiRjnyOCp8kNSXnVQGSYMnx7-2,1144,None,recMJhN3yCQhpnvoE,BBTAG (PS4),0,Winner must keep character. Loser may switch.,0,0,None,8,,PS4,Confirmed,64,recYdbHI325YI2pVO,,BBTAG Tourney (PS4),recR2YE3Oc1yTh3jJ,GTek,,NaN Hours,,,,2026-09-30T08:14:32.000Z,recL27PEdSHLM6rNn,"rec7sPAuJA5xutakb, recUR69QMd7fNnDRv, recVNk1wXtGweHsvW, recI50WOhXLCgQyBK, recS3yzl20DEJbsPI, rec4qe3z1Ew8zZSQg, recxGsKJm8XIScsIP, recmEWGQU2tORnbwm",BBTAG,recV6irNLkHsWnj0B,0,,,,,None,40120ab9,10,None,recIqfZ8Uyx9gEYNW,BBTAG%20%28PS4%29,2,,,1st Lineup,recliurl4Nrn9lxUC,,,,3/5 Games for Top 8,3/5,40120ab9,BBTAG,BBTAG,"https://www.start.gg/admin/tournament/vortex-gallery-at-frosty-faustings-xix-2027/attendees?page=1&filter=%7B""eventIds""%3A%5B%5D%7D",50/25/15/10,0,0,,,None,BBTAG,If it hits cap then it will be 50/25/15/10,,,,,,,,,
0,,Crimefighter,None,Crimefighter,https://www.start.gg/admin/tournament/vortex-gallery-at-frosty-faustings-xix-2027/brackets/,Chaos Code: New Sign of Catastrophe Tourney (PS4),,,https://topinfinity.org/?game=14873&event=&theme=vgffxviii&teams=0,TBD,0.5,@crimefighter.bsky.social,,0,TBD,2026-09-16T07:41:59.000Z,https://vortexgallery.moe/info#CCNSOC,Tourney,Chaos Code: New Sign of Catastrophe,4,recTc18CezAyJDL1K,Crimefighter#489199,0,"rec2hWpWUWOALOFN7, recEXgRzVL33S8CPI",0,0%,2/3,https://v5.airtableusercontent.com/v3/u/58/58/1790928000000/vHN8_kLvxlXy2QV9Fp05JA/7UNtJhXqPKxPgmtAGgZ_k-_r8ZcL4Kpzad5PU6yhBy6mj8kewFe0TN8DSyuKdPXDBOslq8u17J5gnVRqD1eSwHH5JBoo2eY3BMgGNc3Swj5NrlM-V6Ri_QU2zyrZl-BT7DNAiRJruZAkhCWTT3sZJA/srL95RxxQIG5imEGtNsnXWX4TTWIhjVLun5eWEPOESs,,0,2,0,https://drive.google.com/uc?id=1vLQqyfgaS6haws59zhOFKiU8VMukaM-U,14873,None,recWZvUwIrSN6wRWC,CCNSOC (PS4),2,Winner must keep character. Loser may switch.,0,0,None,6,"Thu 1/29, Fri 1/30, Sun 2/1, Sat 1/31",PS4,Confirmed,32,recJPtNMrXgQ78wm9,"Boss mode characters and Chaos mode characters are banned. If there is a disagreement about stage, play on Lupinus stage.",Chaos Code Tourney (PS4),recwOKTc5XXbn2FxN,Crimefighter,,NaN Hours,1 PM,recTc18CezAyJDL1K,,2026-09-29T21:08:12.000Z,recAWEWD9TmnazJrD,"rec1R6p7qKqKJuPD7, rect2ZwdS8j3IeNyG, recZh97Txgqe54uuJ, rec55jSeitVIfUtN5, recXFqX19RcjiaUjV, recP5ZUWUHcr5ErZw, recnxbzg4Iawhentt, recBOI5kty9jO2FbM",Chaos Code,recV6irNLkHsWnj0B,0,,Double Elimination,,,None,dc289a78,5,None,recE1AZMrkxW1mS9L,CCNSOC%20%28PS4%29,2,,,1st Lineup,recliurl4Nrn9lxUC,,,,"3/5 Games for Losers Finals, 3/5 Games for Grand Finals, 3/5 Games for Winners Finals",2/3,dc289a78,Chaos Code,CCNSOC,"https://www.start.gg/admin/tournament/vortex-gallery-at-frosty-faustings-xix-2027/attendees?page=1&filter=%7B""eventIds""%3A%5B%5D%7D",60/30/10,0,0,Sat 1/31,Crimefighter,None,Chaos Code,,"Crimefighter (any), poco (they/them)",Borders on,I will donate 50 bucks,"recTc18CezAyJDL1K, recVZ0tpQgQ6NlXzD",50,"Crimefighter,poco","@crimefighter.bsky.social, @airdash.bsky.social",,
0,,omega_black,None,omega_black_was_taken,https://www.start.gg/admin/tournament/vortex-gallery-at-frosty-faustings-xix-2027/brackets/,Def Jam: Fight for NY Tourney (PS2),,,https://topinfinity.org/?game=6553&event=&theme=vgffxviii&teams=0,TBD,1.5,@omega_blackFGC,,0,TBD,2026-09-16T07:41:39.000Z,https://vortexgallery.moe/info#DJFFNY,Tourney,Def Jam: Fight for NY,4,rec5nUoAlB1ob48EZ,omega_blackFGC#709267,0,"recKHTgk9uTLiYtJK, recZjPkOaTqiiY520",0,0%,N/A,https://v5.airtableusercontent.com/v3/u/58/58/1790928000000/3eHegw4Hi82_ZFdLTwjG0g/HjxsVvSgFLJsZRs39vATpNPu1cEiSezFj3_XUeJahf3hov6hxAzQxmxlM1PySi_AplRJMsAEw6D37BNZKY0o-GBoc4haL-ny0ALm5_dPctV00UlDno0RLsDwlnpn5a2aa0SlLI5mRJKc8GJp3A3vwGfH6OAc2MLFDJBQJvJcZNc/F4Gq2m8CpIG7ptc8TRKrAgFsRUAY_QhLMCm-cGs7-Ck,,0,6,0,https://drive.google.com/uc?id=1tGIT-pEsrv_2OajMyUPzN_Jf8NRG8qsc,6553,None,rec79MIAn7Ng9NqhG,DJFFNY (PS2),2,Winner must keep character. Loser may switch.,0,0,None,6,Sat 1/31,PS2,Confirmed,32,recJISLWWYI4rt6Sp,,DJFFNY Tourney (PS2),recONMbE2i2nbKhdx,omega_black,4 Hours,NaN Hours,5 PM,,,2026-09-26T01:31:08.000Z,recfc0U9BdhhucU7K,"recNd0b1sjiiuTfy6, recA35ptqwZMEDk9f, recar9LLZgzpMk7dI, recgiynd3TmNU3LPC, recZNLlfMXzsh6fZ0, recca6Pyk3xRnr9Vg, recJbNvkcc0sc20d4, reccxDZR9EzTNuLG0",DJFFNY,recwkWKMNrkMvzVF5,0,,Double Elimination,,,None,3f7ca881,10,None,recCa1aK1eKvgU0Wm,DJFFNY%20%28PS2%29,2,,Potentially looking into trophy for the winner.,1st Lineup,recliurl4Nrn9lxUC,,,,"3/5 Games for Winners Finals, 3/5 Games for Losers Finals, 3/5 Games for Grand Finals",2/3,3f7ca881,DJFFNY,DJFFNY,"https://www.start.gg/admin/tournament/vortex-gallery-at-frosty-faustings-xix-2027/attendees?page=1&filter=%7B""eventIds""%3A%5B%5D%7D",60/30/10,0,0,Fri 1/30,,None,DJFFNY,,"datboijuiceTV (he/him), BlackmanPackn (he/him)","
🔁 Infinites (Restricted)
Infinites are NOT allowed to loop continuously.
Players may perform ONE repetition ONLY, followed by a combo ender.

Examples:
● Crazy Legs 5PP [BC] 5PP
● Bless 6PPP [BC] 6PPP
● Joe Budden 5PP [BC] 5PP

🚫 Banned Stages and Infinite Locations
The following stages are banned:
● Gun Hill Garage
● Inferno
● 125 street station
● Terror Dome

Infinites performed in the following areas are strictly banned:
● Boxing Rings
● Flood Lights
● Empty Stage Areas
● Roll-Off-The-Wall Situations
● Wall Re-Dizzy
⚠ Violation will result in forfeit of the round.

Starting Stage
All players will start on Club Murder for the 1st Stage. After Each match, the loser picks the next stage.

Dave's Stupid Rule
● If both players win on the same stage, stages must be switched

Character Select Rules
Before a Set:
● Players may request a coin toss
● If no request is made, characters are picked normally

After Each Match:
● Loser picks first
● Winner is character-locked, IF their previous character is still available
● If the loser selects the winner’s previous character:
○ The winner may choose a new character

🤼 Grapple Limit Rule
Grapple moves that ignore the double down stun limit are restricted to 1 per combo.
Exceptions:
● Blazin’ Moves
● Wall Grapples

🧱 Wall Mechanics / Touch of Death
Clarification
To maintain fair play, the following rules apply:

❌ BANNED (Touch of Death)
Deliberately ending a combo to leave your opponent:
● Standing Stunned
● Locked in a Wall Re-Dizzy state

✅ ALLOWED
The following are legal interactions:
● Momentum Stuns
● Opponent is knocked down by a combo ender
● Opponent falls out of a combo naturally and becomes stunned
● Opponent is hit BEFORE a wall stick occurs and:
○ Enters a staggered state
○ Regains control of their character
⚠ If the opponent is in a staggered state (can move), it is legal.
⚠ If the opponent is in a dazed standing state (no control), it is illegal.


",,"recdPrdSJgpq6WENy, recqe7l0GA0b9emdB",,"datboijuiceTV,BlackmanPackn","@datboijuiceTV, @blackmanpackn","Thu 1/29, Sun 2/1",
0,,Wishy,None,crqwish,https://www.start.gg/admin/tournament/vortex-gallery-at-frosty-faustings-xix-2027/brackets/,Dengeki Bunko Fighting Climax Ignition Tourney (PS4),,,https://topinfinity.org/?game=4267&event=&theme=vgffxviii&teams=0,TBD,0,@crqwish.illinoisfgc.com,,0,TBD,2026-09-16T07:41:48.000Z,https://vortexgallery.moe/info#DFCI,Tourney,Dengeki Bunko Fighting Climax Ignition,4,recb9upnpJHhhpBpL,CRQWishy#470269,0,"recZPEuNCm1w20E0b, rec7DFjFCVJQ7xBeR",0,0%,,https://v5.airtableusercontent.com/v3/u/58/58/1790928000000/baQLM-snGdL8QxAonwn3Uw/05wdsIvVeK69UmSyDM7oBwbp0bNN1f696XnAgQPeXlSPFVRJD8GC8vaATPw9zWK85upqQjmLA9iMIJViX_sDasb3gbPN9pjOQS_wUioRN87zDGKaPqm8ZNdOeR0hb3D5PP2APAvD5emiqCoebkZCLYWTnIgK6qerz8Ej_825Dwz9nXuXbDWcyO_cs9OauqCz/XKe5GftEnW7Fas3ynXUtoKXMYYUkykTYWkUupwWnaU0,,0,,0,https://drive.google.com/uc?id=1Es1xxOQeUo5D19t5hIolMJ5evBn7C17t,4267,None,recWY2QAn2MLT1BBH,DFCI (PS4),0,,0,0,None,6,,PS4,Confirmed,32,recVAGid6Sqkw7w5M,,Dengeki Bunko Tourney (PS4),recUzmJTqJH7lf1Cw,Wishy,4 Hours,NaN Hours,,,,2026-09-24T23:41:47.000Z,recJsDmuPRghMsatK,"recB0kbPGadKBuzy5, recSY2lxu5phYO48F, recDxNgnnx3jPmdM7, recpiOXHOu16Iyacu, recP4KtC8G7ebbNXy, recYkvhZPWJYyDVee, recJfItQUpg76gkHW, recIQUhXpP7rFw43I",Dengeki Bunko,recV6irNLkHsWnj0B,0,,,,,None,a5eb6739,5,None,rec6gMzyNm9s3TkNh,DFCI%20%28PS4%29,2,,,1st Lineup,recliurl4Nrn9lxUC,,,,,,a5eb6739,Dengeki Bunko,DFCI,"https://www.start.gg/admin/tournament/vortex-gallery-at-frosty-faustings-xix-2027/attendees?page=1&filter=%7B""eventIds""%3A%5B%5D%7D",60/30/10,0,0,,,None,DFCI,If we hit the player cap I'll change to top 4 payout (50/25/15/10),,,If we hit the player cap I'll add a lil extra to the pot :),,,,,,
0,,Angstydragoon,None,angstydragoon,https://www.start.gg/admin/tournament/vortex-gallery-at-frosty-faustings-xix-2027/brackets/,DNF Duel Tourney (PS5),,,https://topinfinity.org/?game=41040&event=&theme=vgffxviii&teams=0,TBD,1,@AngstyDragoon,,0,TBD,2026-09-16T07:41:52.000Z,https://vortexgallery.moe/info#DNFD,Tourney,DNF Duel,4,recxXSo1EbX7bsMOP,,0,"recTnzt32RVuAe0HA, recUnwiStCvi28YCa",0,0%,2/3,https://v5.airtableusercontent.com/v3/u/58/58/1790928000000/I9phLFPSvXElWCHzzB6Epg/n7eEDw2Xn189GCyLVIObcBODVxk7VI5MozMGfVREDpkUBa6fpEACq1um8w4__2W5-cvwYacmPBWORhbtae1p5EYAbDzPAdBkG1iz3Iv76rV0m_Z-xZFyze49Xz5s1V_JfEWHjxPp-D1H6ghB6drTCQ/BwG8Kp6zZ7oigPxtgyoUc6d-oM_1ANhJf-AV989WFLI,,0,4,0,https://drive.google.com/uc?id=1qW_l1Q6VneEQ7hqtWyqMrSY8fqkZhVeg,41040,None,recCoBlK1DSFe80xG,DNFD (PS5),0,Winner must keep character. Loser may switch.,0,0,None,6,"Fri 1/30, Sat 1/31, Sun 2/1",PS5,Confirmed,48,rech2lIpCezKR5yNy,Only can switch cube on loss.,DNFD Tourney (PS5),recrWVJOIi1ERPywl,AngstyDragoon,4 Hours,NaN Hours,11 AM,,,2026-09-24T22:31:15.000Z,rec2hHCBxLyILLPUA,"recxRoCLujvj0TkTg, recJkVE7DUjpL5k0a, recKcA3lys426acZ9, recTC5Mn1MkVOxZWE, recbBylyvaXgYBdWQ, recgdml646ICBQWKd, rec1dlezciwq6DiwH, recDGB2GauJSdJr7t",DNFD,recEukz8KtiwMqtJM,0,,Double Elimination,,,None,8412fd04,5,None,recfO3lKOpHHzHoKU,DNFD%20%28PS5%29,2,,,1st Lineup,recliurl4Nrn9lxUC,,,,3/5 Games for Top 8,3/5,8412fd04,DNFD,DNFD,"https://www.start.gg/admin/tournament/vortex-gallery-at-frosty-faustings-xix-2027/attendees?page=1&filter=%7B""eventIds""%3A%5B%5D%7D",60/30/10,0,0,Sun 2/1,,None,DNF Duel,,,,,,,,,Thu 1/29,
0,,jiji,None,jijiglobe,https://www.start.gg/admin/tournament/vortex-gallery-at-frosty-faustings-xix-2027/brackets/,E's Laf++ Tourney (PC),,,https://topinfinity.org/?game=33629&event=&theme=vgffxviii&teams=0,TBD,0.5,@jiji.michiganfgc.com,,0,TBD,2026-09-16T07:41:36.000Z,https://vortexgallery.moe/info#EL2,Tourney,E's Laf++,4,rec1YYp4MVpmnwqGt,Jiji#1423361,0,"recrWJgCwTMLFsHpj, recPsL989enE8Y6ST",0,0%,2/3,https://v5.airtableusercontent.com/v3/u/58/58/1790928000000/976tVmqQErxQnNlw6x0sgA/-aVXNb4U5TNi74fm6g1oNgHPKCKkDE0Sch_8Xx-oNNK39yuB6g0NqeT2OgvW_4jLcR89el0taRTO_R44ref77P9Y2ym2qrelxWnFmahyTxRlWVVW9GZFN2cVtBJH_rsUYJfZy2RJHPU707U6ODHQww/QEbj7XljNO764rDZgIuw2oHGDXcFhwqwWfru7lutFto,,0,2,0,https://drive.google.com/uc?id=1IvIFpY8lUl2QS3eYXwCpZUAez39YY5dP,33629,None,recCbXQ1PkSBG159J,EL2 (PC),0,Winner must keep character. Loser may switch.,0,0,None,6,Sat 1/31,PC,Confirmed,64,reckUUNsRmnHmysNU,,Eslaf Tourney (PC),recBTrfXRZDjjRDWU,Jiji,6 Hours,NaN Hours,10 AM,,,2026-09-25T02:58:27.000Z,reccuquUzARB3QXf4,"recoeFUkPvyaEQVqY, rechF7KPW9GOCwk9F, rec0yDxb532QCGync, rechpg5fDqKWFTEtN, recgHXgpq8tmPMXTL, recvdJoxlMkxe3msU, recSfvLIeBTl6gPaM, recAp37lfHi3bqaWm",Eslaf,recUTDtHkKsAuW7Tu,0,,Double Elimination,,,None,00cf840d,5,None,recRFsF703mCrrrpa,EL2%20%28PC%29,2,,,1st Lineup,recliurl4Nrn9lxUC,,,,"3/5 Games for Losers Finals, 3/5 Games for Winners Finals, 3/5 Games for Grand Finals",2/3,00cf840d,Eslaf,EL2,"https://www.start.gg/admin/tournament/vortex-gallery-at-frosty-faustings-xix-2027/attendees?page=1&filter=%7B""eventIds""%3A%5B%5D%7D",60/30/10,0,0,Fri 1/30,,None,E's Laf++,,,,,,,,,,
0,,PolarBair,None,polarbair_8,https://www.start.gg/admin/tournament/vortex-gallery-at-frosty-faustings-xix-2027/brackets/,Ehrgeiz Tourney (MiSTer),,,https://topinfinity.org/?game=&event=&theme=vgffxviii&teams=0,TBD,0,https://bsky.app/profile/polarbair.neocities.org,,0,TBD,2026-09-16T07:41:37.000Z,https://vortexgallery.moe/info#EHRGEIZ,Tourney,Ehrgeiz,4,rec84evYJFMyISq4f,PolarBair#731171,0,"recXhLUDaVI7DsWU6, recEbQBqpmQaS4KWH",0,0%,3/5,https://v5.airtableusercontent.com/v3/u/58/58/1790928000000/gtGISgPK_QZVcFVSxO6taw/OexImKKuNhZGb64xtKIm8U77mhYokv-tEomewf3jabpk89P_5yb4x-ci3s98ogBVj6YNWSuaWwQoZiHenC6NvQdMuhMQrk9W6TwXZGA4lzrLivzD15z73PLojKB5uxq9pTAO7qo42dMEI-V6T1d8FXT5o-BNqy4qoYbrBx2B-AI/lBUuRe9I1o8BoZrj_ua4dMouWolC7UEoo2KG8vhfdzw,,0,,0,https://drive.google.com/file/d/18uQ3SHDjtD-RqH_LhDC-Lm0cSsnU1in5/view?usp=drive_link,,None,recat94XPhM0rMufZ,EHRGEIZ (MiSTer),0,Winner must keep character. Loser may switch.,0,0,None,6,"Sat 1/31, Sun 2/1",MiSTer,Confirmed,32,recIXvYvstFnVlZNx,"After character pick, loser chooses stage. People don't usually care but I'm putting it in writing. ",Ehrgeiz Tourney (MiSTer),recKEZcNthUS1NZci,PolarBair,3 Hours,NaN Hours,12 PM,,,2026-10-01T15:09:20.000Z,recOsHT5cWJxfrwBe,"recenGuol2SFX5cQU, recRtl05Lai9WYe4b, recqkICe2hVdjaqAY, rec4ylpSfp1KeeJhg, recm99Ockluln8A7r, rec6CrFQ6CyBZRgG0, recOl7SRPAXgNTLxx, recaoxhQugogJtuuA",Ehrgeiz,recsjzSn9OyxGku3g,0,,Double Elimination,,,None,a88e8515,5,None,recDmAdTccFyDHNqZ,EHRGEIZ%20%28MiSTer%29,2,,,1st Lineup,recliurl4Nrn9lxUC,,,,"3/5 Games for Losers Finals, 3/5 Games for Winners Finals, 3/5 Games for Grand Finals",2/3,a88e8515,Ehrgeiz,EHRGEIZ,"https://www.start.gg/admin/tournament/vortex-gallery-at-frosty-faustings-xix-2027/attendees?page=1&filter=%7B""eventIds""%3A%5B%5D%7D",50/30/20,0,0,Fri 1/30,,None,,,,"All settings default except ""Set Count"" (rounds) set to 3. ",,,,,,,
0,,Retro,None,retrooooo,https://www.start.gg/admin/tournament/vortex-gallery-at-frosty-faustings-xix-2027/brackets/,Idol Showdown Tourney (Steam),,,https://topinfinity.org/?game=53572&event=&theme=vgffxviii&teams=0,TBD,1,@extradip4,,0,TBD,2026-09-16T07:41:53.000Z,https://vortexgallery.moe/info#IDOLS,Tourney,Idol Showdown,4,rec3YOxTfjMtSWC4O,extradip4#1438004,0,"rec81ZxBxKd8mrD4S, recDAdg4P0jfuBkVn",0,0%,,https://v5.airtableusercontent.com/v3/u/58/58/1790928000000/ZX1b1Xy9Pi0AjB2hY80UGA/O-JQyFPzN5CMZ4FNeEJhW8qPX8t2nGTReUQpf9PSdsPDWeE7njEzjaDQ_dVN8DPHYtUHsZsX7fGCUPtWFzNDh6_aT-jWyQ81wqbS45QNOUAdNUKJ_i4mipPFiob4Mcjy-qUZZ6zPmTJM26UvapOW3Q/gphHn_ZXfZ9qVc6CDS6atkeAvLsBs1VuouDA-ucvfwI,,0,4,0,https://drive.google.com/uc?id=1cpyqiCymG6ISeJ4ghOGkzNKEFGIUez-m,53572,None,reczvMEjpXIjTuQ4z,IDOLS (Steam),0,,0,0,None,6,Fri 1/30,Steam,Confirmed,64,recZlGwHYCQoOeJrt,,Idols Tourney (Steam),rec4ewcIiMJQrzVro,Retro,4 Hours,NaN Hours,11 AM,,,2026-09-25T02:21:23.000Z,recrG9uN8kV7VZ0tq,"recodzpqw7ObYTNSB, recFY3yw19dUJoK1d, receOh4BdnvKGy0wj, recIASG49njcZrBQi, recVq0WhOJj6HbAON, recwr7VmKR9PwzOUI, rec1VCQgCMOO4pEKN, recqYF9qrlBzgMfRd",Idols,recWhY5XqcZagROcT,0,,,,,None,c5c2cc02,5,None,recYfxYWcJf1DAXHj,IDOLS%20%28Steam%29,2,,,1st Lineup,recliurl4Nrn9lxUC,,,,,,c5c2cc02,Idols,IDOLS,"https://www.start.gg/admin/tournament/vortex-gallery-at-frosty-faustings-xix-2027/attendees?page=1&filter=%7B""eventIds""%3A%5B%5D%7D",60/30/10,0,0,Sat 1/31,,None,Idol Showdown,,,,,,,,,,
0,,Juicey,None,_juicey,https://www.start.gg/admin/tournament/vortex-gallery-at-frosty-faustings-xix-2027/brackets/,Intergalactic Puzzle Touchdown Tourney (Steam),,,https://topinfinity.org/?game=&event=&theme=vgffxviii&teams=0,TBD,1,@puzzlewednesday,"For any “rules vary” on round/set/finals count adjustments, we’re going Ft1 across the board

Puzzle Touchdown has a tempo closer to a board game, with a game average range being 8-12 minutes. We’d rather not potentially blow up our time budget and “if it’s good enough for the NFL, it’s good enough for us”",0,TBD,2026-09-16T07:41:49.000Z,https://vortexgallery.moe/info#PTD,Tourney,Intergalactic Puzzle Touchdown,3,recB9Bod1KbBnJLHk,Puzzle Wednesday#1029240,0,"recW8kisJX8uBW6If, recJOzevw7U4Zpdtm",0,0%,N/A,https://v5.airtableusercontent.com/v3/u/58/58/1790928000000/GHMUbPqwUUY5niAh7QvisA/epNibmbf2NXlJVNi8K22rmoktDlf5CAc6dYtRwnfBjSsyY7nwkgLnAJCbpalrVu3nCu9kOPs3kVKavn5M2tDqrIowqOpL_CD3Cl656g0uYzvzN3evqglzhKFWcg7Z2xulIDURbol14btk1ZnevC7aFbPSTRb4VRJBdxVKJUieYyS8Csa_Y_D3-u1VGS2Wv7Y/f3WVMBsvTHIjQk7Be8XEQ0Jr8-CP0G6lbdESW53xpY4,,0,3,0,https://drive.google.com/uc?id=1afFym6tutdwAGk1e2jeg22FpnCeA7-0I,,None,recGeniVXNh8Rq0Xr,PTD (Steam),2,Winner must keep character. Loser may switch.,0,0,None,6,,Steam,Confirmed,32,recMOFRPRhMLBYvWE,,Intergalactic Puzzle Touchdown Tourney (Steam),recr421GL3GxFLkm6,Juicey,,NaN Hours,,rechOVedioQSSjKC5,,2026-09-24T23:19:35.000Z,rec4oqa0mZNW95t0T,"reccbp6VBBfsCv97m, recDmzoj4xtQaYCXL, recx420mEtCzbizfU, recCmRBub9xsfUNYE, reclz7GW8bimiijxv, rec1JQHfxoOAeA6du, recODGwstSgBQ0Pvg, recTtLwYJnUQpTMEi",Intergalactic Puzzle Touchdown,recWhY5XqcZagROcT,0,,Double Elimination,,,None,cb473b9b,5,None,recmiRzSlr3azTcQz,PTD%20%28Steam%29,2,,,1st Lineup,recliurl4Nrn9lxUC,,"Juicey,Ratttz","recB9Bod1KbBnJLHk, recAD9XBH2BHUkfya",Varies,Varies,cb473b9b,PuzzleTD,PTD,"https://www.start.gg/admin/tournament/vortex-gallery-at-frosty-faustings-xix-2027/attendees?page=1&filter=%7B""eventIds""%3A%5B%5D%7D",60/30/10,0,0,,Deka Fumo Death Cult,None,,,"Ratttz (she/her), Juicey (he/him)","- Default Settings
- 5 Drives
- Normal Play Clock
- Random Field Formations",,"recAD9XBH2BHUkfya, recB9Bod1KbBnJLHk",,"Ratttz,Juicey","@ratttz.bsky.social, @puzzlewednesday",,
0,,BlackDiamondGMZ,None,Itsloosey,https://www.start.gg/admin/tournament/vortex-gallery-at-frosty-faustings-xix-2027/brackets/,Killer Instinct Tourney (XS),,,https://topinfinity.org/?game=19&event=&theme=vgffxviii&teams=0,TBD,0,BlackDiamondGMZ,,0,TBD,2026-09-16T07:41:55.000Z,https://vortexgallery.moe/info#KI,Tourney,Killer Instinct,6,recLbmlLZvBB9R2hk,BlackDiamondGMZ#1092992,0,"recXB385sjweWiZTU, recjxaztVuhbi5t32",0,0%,2/3,https://v5.airtableusercontent.com/v3/u/58/58/1790928000000/0pgYewRWnKMFEalqwcNO-Q/1vOsoQOkhYHwW27jvUEy7oIA1JLqH56LvByE7ErL8bP6hqhSrsTGNU0S9rp7O3t7FTJqt4mxHBWBx8gfjAFfQnC9jwRC0lF0K_jzfrA7fpXzRXgauqVJgafs4JesXEjLFlNtqYXLrzoNkFnyBEbW7x0eDK6o1D3flId95tBqu9q6QPiZsfjJREVZIFXZ7xO1GEOwQ7PcYGgucVgG_sNLMg/JV-D3-k0yDBXZMUqYR55Tr_9ZP5T1-wmpozhcJF0G-U,,0,0,0,https://drive.google.com/uc?id=1Mgo5O1o3LwHeNtYuMvlqiX8AOpXV7MH3,19,None,recxARhmhjdKmK2G0,KI (XS),2,Winner must keep character. Loser may switch.,0,0,None,6,,XS,Confirmed,48,recApnK8q8mHbhAr6,,KI Tourney (XS),rec1484uiKt1DnpwV,BlackDiamondGMZ ,4 Hours,NaN Hours,7 PM,,,2026-09-26T08:12:07.000Z,recmAYXEpD6QLhvei,"recA6rarL68983Dug, recSSAEHQipaUPRNw, recApjHZOSDOAxw5O, rechyq63GlNOmRvZz, rech9y1S1990kL7Ii, rec3P0STWuXSMLQOy, recBKnsoEjn3x41FA, recVwPuiFuxE5vyzF",KI,recpjTmgVGJDyGU1N,0,Just update to newest version so it can be played offline without. ,Double Elimination,,,None,2fc653a4,10,None,recaTlb01VcDHbSI5,KI%20%28XS%29,2,,,1st Lineup,recliurl4Nrn9lxUC,,,,3/5 Games for Top 8,3/5,2fc653a4,KI,KI,"https://www.start.gg/admin/tournament/vortex-gallery-at-frosty-faustings-xix-2027/attendees?page=1&filter=%7B""eventIds""%3A%5B%5D%7D",50/30/20,0,0,Thu 1/29,,None,Killer Instinct,,"datboijuiceTV (he/him), BlackDiamondGMZ  (he/him)",,,"recdPrdSJgpq6WENy, recLbmlLZvBB9R2hk",,"datboijuiceTV,BlackDiamondGMZ ","@datboijuiceTV, BlackDiamondGMZ",,
0,,deapest,None,deapest,https://www.start.gg/admin/tournament/vortex-gallery-at-frosty-faustings-xix-2027/brackets/,NeoGeo Battle Colosseum Tourney (Flycast),,,https://topinfinity.org/?game=&event=&theme=vgffxviii&teams=0,TBD,1.3333333333333333,@fukuandurmum,,0,TBD,2026-09-16T07:41:44.000Z,https://vortexgallery.moe/info#NGBC,Tourney,NeoGeo Battle Colosseum,6,recyTTJcfrgdpR7Dh,deapest#2170317,0,"recR6iTVBzSKxlIB9, rec1BG7ww1ZNXggpe",0,0%,2/3,https://v5.airtableusercontent.com/v3/u/58/58/1790928000000/T7eWhV6l9f0zdVE00ZGO_A/zgGKesLOZ8ooQA-Mjc6l4Rn8M4wcEeh0PP3ubzUkh-jV8i0oRON4BVlNf7rUpGLM6x8cKlbkL78Qcet5O8xxktHWzxQZCEzkB5MZ80tVXOfEeV4akOikWeDz0N5_ZR2iUIwWt5nFjoTHK4MCkZCOxSqUb44hfHmDXepPkqCawuudVV_07v-Aglm--sf_-2ZL/4Dt8adgdrxIhuIjoRARvttT9RgA2VaG0Ywi6smFBQOo,,0,8,0,https://drive.google.com/uc?id=1he8VKA293Jlt5Enw7kTzQKdgkPcwVjIl,,None,recEKqjN8I78aRYX1,NGBC (Flycast),0,Winner must keep character. Loser may switch.,0,0,None,6,,Flycast,Confirmed,40,recPboQRqj5m2MQG0,,NGBC Tourney (Flycast),rechnyhIB18jskEZZ,deapest,3 Hours,NaN Hours,,,,2026-09-24T04:02:10.000Z,recpgEQbQFecHT8or,"recsrgUkuJ7lB4i4d, receVTZ6B3pMWMeA6, recH2WQzi6eRBqLiQ, rec58a746q9Tt6QR5, recwaj3imTvQzblZl, recQgG1kPpfAp9AlG, rec025RMEsfxvfRev, rec7EThMOCmZxwYrR",NGBC,recVxvEZbXd62y97i,0,,Double Elimination,,,None,278aa203,5,None,recDKRRrRj0DtfimJ,NGBC%20%28Flycast%29,2,,,1st Lineup,recliurl4Nrn9lxUC,,,,"3/5 Games for Losers Finals, 3/5 Games for Winners Finals, 3/5 Games for Grand Finals",2/3,278aa203,NGBC,NGBC,"https://www.start.gg/admin/tournament/vortex-gallery-at-frosty-faustings-xix-2027/attendees?page=1&filter=%7B""eventIds""%3A%5B%5D%7D",70/20/10,0,0,,,None,NGBC,,,Goodman Banned,,,,,,,Ai and Mizuchi infinites allowed
0,,Kyuu,,kyuusc,,Riichi Mahjong Tourney (Tiles),None,None,https://topinfinity.org/?game=101338&event=&theme=vgffxviii&teams=0,,0,@KyuuCC,,0,,2026-09-19T00:34:06.000Z,https://vortexgallery.moe/info#MJ,Tourney,Riichi Mahjong,4,recGGxJf7y5aoqcHM,,0,,0,0%,N/A,https://v5.airtableusercontent.com/v3/u/58/58/1790928000000/ePD_xxpZf3femq22VKwOIg/lhVNpnEnlsCEV1x-3UJmuYoqZM694vYtioBqkFe-Lh8uuGQezJ_afYqq58kn7AGSlwTbgzJEnHoag71FGh8JB0ihU_tbhHUnW1KAszOuvTaL_rhGkE0_GZu4L1yBGayeTAxyzjudsZTv8uQodR01Ig/jDLnilUG-wqTZ5NSmS0Xg0W49bKiYUyyNcL9ErJoqVg,,0,,0,https://drive.google.com/uc?id=1IJBIz69QbNZ0337XIAG8YZOYwScRaKsy,101338,,rec64OAtwf6OIXWHm,MJ (Tiles),0,,0,0,0,8,,Tiles,Confirmed,64,recIqr21v4pUqbrl8,,Mahjong Tourney (Tiles),recbpk63KPSYyJgxW,Kyuu,,0 Hours,,,,2026-09-25T00:11:45.000Z,,,Mahjong,rectVHaYRPegHn4y3,0,,,,,,3c8b8bf6,0,,,MJ%20%28Tiles%29,2,,,1st Lineup,recliurl4Nrn9lxUC,,,,Varies,Varies,3c8b8bf6,Mahjong,MJ,,N/A,0,0,,,,Mahjong,,,- [Full Ruleset Info](https://drive.google.com/file/d/1HTBF5oOzZubVJXfiZDbdJ6HXt5hYCz0F/view?usp=sharing),,,,,,,
0,,TiZ,None,tiz_huglife,https://www.start.gg/admin/tournament/vortex-gallery-at-frosty-faustings-xix-2027/brackets/,Soulcalibur VI Tourney (PS4),,,https://topinfinity.org/?game=904&event=&theme=vgffxviii&teams=0,TBD,0.5,@tiz.northsky.social,,0,TBD,2026-09-16T07:41:41.000Z,https://vortexgallery.moe/info#SCVI,Tourney,Soulcalibur VI,4,recufxjI0ezQp8zzf,TiZ#828034,0,"recvo8KBasrvnurQc, rectjDrTaiuVcJe3B",0,0%,3/5,https://v5.airtableusercontent.com/v3/u/58/58/1790928000000/rv_rv1K6FII4ZZGckcjcVQ/1H-2u_b4XgPMTeVlpjg0kNB5d-huYXKgxPxRIwftg_hL2tZe6T5xCDKkXVSVLjYZH7n3R-9LwldC1lwZuD-a5sSzkHDWy4kIE71kURB5d43KiHFSSfqLzz6CWS1Mne7DOapbX-c8sjGlkAc2T4vzLCsWauuEzEGvasrLROhTaWw/4vGvGCLak46KpMc5vu57KqozrzIL6q55Buz-ypnzET8,,0,2,0,https://drive.google.com/uc?id=1hkYHAFMH90yPoKKKOW1-SAX744t7w16i,904,None,recFcLn3zITKe4zsh,SCVI (PS4),1,Winner must keep character. Loser may switch.,0,0,None,6,Fri 1/30,PS4,Confirmed,64,rec4YJ3jd5cCWXk17,,SC6 Tourney (PS4),recDSAr23lCVoPcpz,TiZ,6 Hours,NaN Hours,2 PM,recx12UiVYp8oTXYg,,2026-09-24T12:31:32.000Z,recDPbaPlsMnDKtKy,"recw3L90uU3CSj9Yh, recCdigovJRoPAcjo, recr8suLOUs7vdZtz, recKsvHbyG2ohzABM, recyqoegOWgvvpVjf, recMJGSHi82UrgG1Q, recg1YW4mHZ5Vgc2g, recuqNmXRcSvBWgVP",SC6,recV6irNLkHsWnj0B,0,,Double Elimination,,,None,ea5ac7ec,10,None,recEJStfbMCkTvOVR,SCVI%20%28PS4%29,2,,,1st Lineup,recliurl4Nrn9lxUC,,EricMW,recx12UiVYp8oTXYg,"3/5 Games for Losers Finals, 3/5 Games for Winners Finals, 3/5 Games for Grand Finals",2/3,ea5ac7ec,SC6,SCVI,"https://www.start.gg/admin/tournament/vortex-gallery-at-frosty-faustings-xix-2027/attendees?page=1&filter=%7B""eventIds""%3A%5B%5D%7D",70/20/10,0,0,Sat 1/31,EricMW,None,SoulCalibur VI,,"TiZ (he/him, they/them)",,,recufxjI0ezQp8zzf,,TiZ,@tiz.northsky.social,Thu 1/29,
0,,DoctorSc1ence,None,DrScience,https://www.start.gg/admin/tournament/vortex-gallery-at-frosty-faustings-xix-2027/brackets/,Tatsunoko vs. Capcom Ultimate All-Stars Tourney (Dolphin),,,https://topinfinity.org/?game=22408&event=&theme=vgffxviii&teams=0,TBD,0,,,0,TBD,2026-09-16T07:41:51.000Z,https://vortexgallery.moe/info#TVC,Tourney,Tatsunoko vs. Capcom Ultimate All-Stars,2,recgvqdDcSFH3oR8l,Tatsunoko vs Tour#610825,0,"recWvsgvG8pXQgC9t, recNWtDVt2Nuxjnlt",0,0%,,https://v5.airtableusercontent.com/v3/u/58/58/1790928000000/4jwNc4aE5vcvevIA29Ptpw/XJ2GPkV1RdBBHzKO18n_8mlWRDV3nS4mJD9nLWoHMkbUJD4EiRCbc-gET59tONsxvMYUnmeGe4bia37xcq3oDBe-o_aoMJHPohjMQ4pVkIHxTif4qw69tEjosoqf74Ed19ov4YbczX9y6SCDl_R2cAEJr8IMapwjZFF5hD572RA/X3uDpqwzcBrV4YP6m7h9E1XoLU-CluBhqZtr_x7iwAQ,,0,,0,https://drive.google.com/uc?id=1V-6AeRK8y0iNGvXT8S3JUilIvYT4Pqx-,22408,None,recg6tpelKARH958S,TVC (Dolphin),0,,0,0,None,6,,Dolphin,Confirmed,32,recgPgYlaHybk3gNi,,TvC Tourney (Dolphin),recuE36yHBFzSi0I3,DoctorSc1ence,,NaN Hours,,,,2026-09-24T12:34:49.000Z,recB7iKLtaSelF9Kv,"rec5tIyDwqFhQdOqn, recTW00tf23oDN8JW, rec1Jn8ODAvnEUvpo, recSc2wecMvVYeIvx, recxuWrtrgt7FYVD1, recsZCyn2PkS88CaG, recbm6YqpwVB4PcHL, recASq1KyzGHjWVO8",TvC,recq7ToNtgJh2wxEw,0,,,,,None,cc095671,5,None,recIYNw0WHMD2yjGV,TVC%20%28Dolphin%29,2,,,1st Lineup,recliurl4Nrn9lxUC,,,,,,cc095671,TvC,TVC,"https://www.start.gg/admin/tournament/vortex-gallery-at-frosty-faustings-xix-2027/attendees?page=1&filter=%7B""eventIds""%3A%5B%5D%7D",60/30/10,0,0,,,None,Tatsunoko vs. Capcom,,,,,,,,,,
0,,Demonica,None,DemonicaFGC,https://www.start.gg/admin/tournament/vortex-gallery-at-frosty-faustings-xix-2027/brackets/,Tekken 5: Dark Resurrection Tourney (PS3),,,https://topinfinity.org/?game=&event=&theme=vgffxviii&teams=0,TBD,0.6666666666666666,Demonica_FGC,,0,TBD,2026-09-16T07:42:00.000Z,https://vortexgallery.moe/info#T5DR,Tourney,Tekken 5: Dark Resurrection,6,recKfobPz4wJPMIj4,Demonica#931700,0,"recrIBfBHC2r2o2zm, recRXSvooB7sWDYJ2",0,0%,3/5,https://v5.airtableusercontent.com/v3/u/58/58/1790928000000/GkPZ7ERFph7tScBG5wUHuQ/MZfpE5-tun71-0cNK_tPRm4lFudhtNyqsQ3DEzAOiIKWugEk9n_QNXLVToZOL8zlckLXGKMMWKO3DWHOMV7vvVpR-aZ_QKuah_RkG3rD3uwVGHzeCIBL8Sb4cWbDtcqvM7NRHDNPGl6F9bQMPo8NB-B0ih1V_j42GyFiEuAjCt8/SGLiKtJ6jlF9Nmhlr6zULqHHcSNOgRT1PoB0A0Hnryo,,0,4,0,,,None,recwHdS95HVscPbQz,T5DR (PS3),0,Winner must keep character. Loser may switch.,0,0,None,6,,PS3,Confirmed,32,recjlVv1ZsHM3aEq3,,Tekken 5 DR Tourney (PS3),recdb387exHEtAfR9,Demonica,,NaN Hours,5 PM,,,2026-09-26T00:11:30.000Z,rec1MaAoKTHNozqrP,"recDGFoBa3KxpqaIh, recrbrroK2FgOlDVq, rec8WAfsCIThUAa2a, recCiGyK4x0YwNVJy, rectZ5NkwhutfVuf5, reczKKbktXJx3H3X5, reckrk5xOz3eXW5eB, recGDmfuGTqhcGaK9",Tekken 5 DR,recinc6b9NNMARnpU,0,Tekken 5 DR before the PS3 store shuts down ,Double Elimination,,,None,b5d83542,5,None,recwm6EtoV4Mj2i8n,T5DR%20%28PS3%29,2,,,1st Lineup,recliurl4Nrn9lxUC,,,,3/5 Games for Top 8,2/3,b5d83542,Tekken 5 DR,T5DR,"https://www.start.gg/admin/tournament/vortex-gallery-at-frosty-faustings-xix-2027/attendees?page=1&filter=%7B""eventIds""%3A%5B%5D%7D",50/30/20,0,0,Sat 1/31,,None,Tekken 5,,,,,,,,,,
0,,Tessiro,None,tessiro,https://www.start.gg/admin/tournament/vortex-gallery-at-frosty-faustings-xix-2027/brackets/,Touhou 12.3 Hisoutensoku Tourney (PC),,,https://topinfinity.org/?game=33882&event=&theme=vgffxviii&teams=0,TBD,1,@Tessiro48,,0,TBD,2026-09-16T07:41:43.000Z,https://vortexgallery.moe/info#SOKU,Tourney,Touhou 12.3 Hisoutensoku,4,recONZMPjA6F9vipo,Tessiro#271828,0,"recWe61SKbR5yXGyH, recPplDSj8417ieKJ",0,0%,2/3,https://v5.airtableusercontent.com/v3/u/58/58/1790928000000/2kVVb2eit5DLeC4TyuIk0w/GECdXNYwNqaOqQHZIUYyUDKIsaw3KpLQAAYWX-5r51wY3_UDBi3kqiqrl_v2KsaDePRwFplQajy9XpPdrCaSRW_xfG5umd8LL1fYtD53zYOM70iOtxYRqv59IQPfcj4gIMhq8tNOms8Jg--s8HGP-khfE1e1IDed-WQWzAWfPew/iQ8y5Mr3lzCBdoy-O-wdF7sKn5vmB0DV8s4HjYhhszQ,,0,4,0,https://drive.google.com/uc?id=1poAITyeomleb5UfKK0CAr8ilCMubHt75,33882,None,reces5OoK5tynGQbL,SOKU (PC),0,Winner & Loser may switch.,0,0,None,6,Sat 1/31,PC,Confirmed,64,recYQJSauOpD3TIZC,,Soku Tourney (PC),rec0RC83OJlMLzFBP,Tessiro,,NaN Hours,6 PM,,,2026-09-26T12:25:37.000Z,recQMWKouySGOfaRV,"recUPa2WVJ6K1ngVp, recEwJRjJVXxWI1MF, rechxS5gDWNYsjKAd, recMdQPpNkAMZAw1B, recqVLxW58QZb9iGB, recvqqsCIgar8BSES, recT9MSAV6w4mUEFn, rec37SzrgoKAgrc9l",Soku,recUTDtHkKsAuW7Tu,0,,Double Elimination,,,None,bbc61bad,5,None,recQMLpU3Qv5FzRlK,SOKU%20%28PC%29,2,,,1st Lineup,recliurl4Nrn9lxUC,,,,"3/5 Games for Losers Finals, 3/5 Games for Winners Finals, 3/5 Games for Grand Finals",2/3,bbc61bad,Soku,SOKU,"https://www.start.gg/admin/tournament/vortex-gallery-at-frosty-faustings-xix-2027/attendees?page=1&filter=%7B""eventIds""%3A%5B%5D%7D",60/30/10,0,0,Fri 1/30,,None,Hisoutensoku,,,,,,,,,"Thu 1/29, Sun 2/1",Any glitch rendering the game unable to proceed will be issued as a loss of the player that initiated it.
0,,YFDHippo,None,YFDHippo,https://www.start.gg/admin/tournament/vortex-gallery-at-frosty-faustings-xix-2027/brackets/,Ultra Fight Da ! Kyanta 2 Tourney (PC),,,https://topinfinity.org/?game=22403&event=&theme=vgffxviii&teams=0,TBD,0.5,@kyanta2en,,0,TBD,2026-09-16T07:41:47.000Z,https://vortexgallery.moe/info#UFDK,Tourney,Ultra Fight Da ! Kyanta 2,4,recGCftPTPt6cws7x,YFDhippo#721631,0,"recmPj8guHnLPEBmQ, recRnCOrvax27b8zQ",0,0%,N/A,https://v5.airtableusercontent.com/v3/u/58/58/1790928000000/Fm5qKswc98fK4615L92APQ/VIIzk-5qHVCTrvFqphTGb5kVd68SpkwsKb_M4Q6kqm_tOygQitwoOoAX4ypOVAqvqu2DN_UM2FwpoJdEo0rd9nxdJpnJzVcCPCN-Ec7xPSMaLLO3Bx8LoJnP4Vr63P9ueO9McrKR_w9K4L3SzQuoQSywnGye-SESCDL6nv0vDdk/_GtmpDWQySvGi8pc_VvXVTkf3VZzSPVHE2Gp385fpCE,,0,2,0,https://drive.google.com/uc?id=1mdFB3YJQZGHIHs5Qav0daNgIDtFOC1Jg,22403,None,reczIuKWi71t2lvm4,UFDK (PC),2,Winner must keep character. Loser may switch.,0,0,None,6,Fri 1/30,PC,Confirmed,32,recshwfFLK6octxIP,,Kyanta Tourney (PC),recLxI9NAfB5i99nl,YFDHippo,4 Hours,NaN Hours,10 AM,,,2026-09-24T05:32:06.000Z,recHwOUvm9C1fMWp7,"recYOo9dm12ZmAeeF, rec4zeqRNwOg1pF6T, recNc3HG1vX9UFARE, recicpGPSyRa1ToYe, recelRAKN6mX5q1ye, recobBwXfflt4nIxC, recGkOWecXP6EZxgc, recg6KfBZaMTezDlX",Kyanta,recUTDtHkKsAuW7Tu,0,DL from steam,Double Elimination,,,None,d3bbec41,5,None,recibJzrP4sWLLR4g,UFDK%20%28PC%29,2,,2nd place pig,1st Lineup,recliurl4Nrn9lxUC,,,,3/5 Games for Losers Finals,2/3,d3bbec41,Kyanta,UFDK,"https://www.start.gg/admin/tournament/vortex-gallery-at-frosty-faustings-xix-2027/attendees?page=1&filter=%7B""eventIds""%3A%5B%5D%7D",60/30/10,0,0,Sat 1/31,,None,Ultra Fight Da! Kyanta 2,,"Jawn d'Ark n/a, YFDHippo (he/him)",,Michelle dollar pot bonus,"reckwDtmwJlYVkIdO, recGCftPTPt6cws7x",100,"Jawn d'Ark,YFDHippo","@Jawndark236, @kyanta2en",Thu 1/29,
